Country Name,Country Code,Continent,Year,Tourists,Rank
France,FRA,Europe,2010,76647000,1
United States,USA,North America,2010,60010000,2
China,CHN,Asia,2010,55664000,3
Spain,ESP,Europe,2010,52677000,4
Italy,ITA,Europe,2010,43626000,5
Turkey,TUR,Asia,2010,31364000,6
United Kingdom,GBR,Europe,2010,28295000,7
Germany,DEU,Europe,2010,26875000,8
Malaysia,MYS,Asia,2010,24577000,9
Mexico,MEX,North America,2010,23290000,10
Russia,RUS,Asia,2010,22281000,11
Austria,AUT,Europe,2010,22004000,12
Ukraine,UKR,Europe,2010,21203000,13
"Hong Kong SAR, China",HKG,Asia,2010,20085000,14
Canada,CAN,North America,2010,16219000,15
Thailand,THA,Asia,2010,15936000,16
Greece,GRC,Europe,2010,15007000,17
Egypt,EGY,Africa,2010,14051000,18
Poland,POL,Europe,2010,12470000,19
Bahrain,BHR,Asia,2010,11952000,20
"Macao SAR, China",MAC,Asia,2010,11926000,21
Netherlands,NLD,Europe,2010,10883000,22
Saudi Arabia,SAU,Asia,2010,10850000,23
Hungary,HUN,Europe,2010,9510000,24
Denmark,DNK,Europe,2010,9425000,25
Morocco,MAR,Africa,2010,9288000,26
Singapore,SGP,Asia,2010,9161000,27
Croatia,HRV,Europe,2010,9111000,28
South Korea,KOR,Asia,2010,8798000,29
Switzerland,CHE,Europe,2010,8628000,30
Japan,JPN,Asia,2010,8611000,31
Syria,SYR,Asia,2010,8546000,32
South Africa,ZAF,Africa,2010,8074000,33
Tunisia,TUN,Africa,2010,7828000,34
Romania,ROU,Europe,2010,7498000,35
Belgium,BEL,Europe,2010,7186000,36
Ireland,IRL,Europe,2010,7134000,37
Indonesia,IDN,Asia,2010,7003000,38
Argentina,ARG,South America,2010,6800000,39
Portugal,PRT,Europe,2010,6756000,40
Czech Republic,CZE,Europe,2010,6334000,41
Nigeria,NGA,Africa,2010,6113000,42
Bulgaria,BGR,Europe,2010,6047000,43
Australia,AUS,Oceania,2010,5790000,44
India,IND,Asia,2010,5776000,45
Kuwait,KWT,Asia,2010,5208000,46
Sweden,SWE,Europe,2010,5183000,47
Brazil,BRA,South America,2010,5161000,48
Vietnam,VNM,Asia,2010,5050000,49
Norway,NOR,Europe,2010,4767000,50
Jordan,JOR,Asia,2010,4207000,51
Dominican Republic,DOM,North America,2010,4125000,52
Kazakhstan,KAZ,Asia,2010,4097000,53
Philippines,PHL,Asia,2010,3520000,54
Iran,IRN,Asia,2010,2938000,55
Israel,ISR,Asia,2010,2803000,56
Chile,CHL,South America,2010,2801000,57
Estonia,EST,Europe,2010,2511000,58
Cambodia,KHM,Asia,2010,2508000,59
Cuba,CUB,North America,2010,2507000,60
New Zealand,NZL,Oceania,2010,2435000,61
Uruguay,URY,South America,2010,2353000,62
Finland,FIN,Europe,2010,2319000,63
Peru,PER,South America,2010,2299000,64
Zimbabwe,ZWE,Africa,2010,2239000,65
Albania,ALB,Europe,2010,2191000,66
Cyprus,CYP,Europe,2010,2173000,67
Lebanon,LBN,Asia,2010,2168000,68
Costa Rica,CRI,North America,2010,2100000,69
Algeria,DZA,Africa,2010,2070000,70
Slovenia,SVN,Europe,2010,2049000,71
Botswana,BWA,Africa,2010,1973000,72
Jamaica,JAM,North America,2010,1922000,73
Andorra,AND,Europe,2010,1808000,74
Mozambique,MOZ,Africa,2010,1718000,75
Qatar,QAT,Asia,2010,1699500,76
Laos,LAO,Asia,2010,1670000,77
Iraq,IRQ,Asia,2010,1518000,78
Lithuania,LTU,Europe,2010,1507000,79
Kenya,KEN,Africa,2010,1470000,80
Oman,OMN,Asia,2010,1441000,81
Colombia,COL,South America,2010,1405000,82
Latvia,LVA,Europe,2010,1373000,83
"Bahamas, The",BHS,North America,2010,1370000,84
Malta,MLT,Europe,2010,1339000,85
Slovakia,SVK,Europe,2010,1327000,86
Panama,PAN,North America,2010,1324000,87
Azerbaijan,AZE,Asia,2010,1280000,88
El Salvador,SLV,North America,2010,1150000,89
Guatemala,GTM,North America,2010,1119000,90
Montenegro,MNE,Europe,2010,1088000,91
Georgia,GEO,Asia,2010,1067000,92
Ecuador,ECU,South America,2010,1047000,93
Yemen,YEM,Asia,2010,1025000,94
Nicaragua,NIC,North America,2010,1011000,95
Namibia,NAM,Africa,2010,984000,96
Uzbekistan,UZB,Asia,2010,975000,97
Uganda,UGA,Africa,2010,946000,98
Mauritius,MUS,Africa,2010,935000,99
Ghana,GHA,Africa,2010,931000,100
Pakistan,PAK,Asia,2010,907000,101
Senegal,SEN,Africa,2010,900000,102
Eswatini,SWZ,Africa,2010,868000,103
Honduras,HND,North America,2010,863000,104
Zambia,ZMB,Africa,2010,815000,105
Luxembourg,LUX,Europe,2010,805000,106
Maldives,MDV,Asia,2010,792000,107
Myanmar,MMR,Asia,2010,792000,108
Tanzania,TZA,Africa,2010,754000,109
Malawi,MWI,Africa,2010,746000,110
Armenia,ARM,Asia,2010,684000,111
Serbia,SRB,Europe,2010,683000,112
Bolivia,BOL,South America,2010,679000,113
Sri Lanka,LKA,Asia,2010,654000,114
Fiji,FJI,Oceania,2010,632000,115
Nepal,NPL,Asia,2010,603000,116
Cameroon,CMR,Africa,2010,573000,117
Barbados,BRB,North America,2010,532000,118
Venezuela,VEN,South America,2010,526000,119
Palestine,PSE,Asia,2010,522000,120
Rwanda,RWA,Africa,2010,504000,121
Sudan,SDN,Africa,2010,495000,122
Iceland,ISL,Europe,2010,489000,123
Ethiopia,ETH,Africa,2010,468000,124
Paraguay,PRY,South America,2010,465000,125
Mongolia,MNG,Asia,2010,456000,126
Lesotho,LSO,Africa,2010,426000,127
Angola,AGO,Africa,2010,425000,128
Trinidad and Tobago,TTO,North America,2010,388000,129
Bosnia and Herzegovina,BIH,Europe,2010,365000,130
Cabo Verde,CPV,Africa,2010,336000,131
St. Lucia,LCA,North America,2010,306000,132
Bangladesh,BGD,Asia,2010,303000,133
Monaco,MCO,Europe,2010,279000,134
Burkina Faso,BFA,Africa,2010,274000,135
North Macedonia,MKD,Europe,2010,262000,136
Kyrgyzstan,KGZ,Asia,2010,259000,137
Haiti,HTI,North America,2010,255000,138
Cote d'Ivoire,CIV,Africa,2010,252000,139
Belize,BLZ,North America,2010,242000,140
Antigua and Barbuda,ATG,North America,2010,230000,141
Brunei Darussalam,BRN,Asia,2010,214000,142
Suriname,SUR,South America,2010,205000,143
Togo,TGO,Africa,2010,202000,144
Benin,BEN,Africa,2010,199000,145
Madagascar,MDG,Africa,2010,196000,146
"Congo, Rep.",COG,Africa,2010,194000,147
Seychelles,SYC,Africa,2010,175000,148
Tajikistan,TJK,Asia,2010,160000,149
Guyana,GUY,South America,2010,152000,150
Burundi,BDI,Africa,2010,142000,151
Papua New Guinea,PNG,Oceania,2010,140000,152
Samoa,WSM,Oceania,2010,122000,153
San Marino,SMR,Europe,2010,120000,154
Belarus,BLR,Europe,2010,119300,155
Grenada,GRD,North America,2010,110000,156
St. Kitts and Nevis,KNA,North America,2010,98000,157
Vanuatu,VUT,Oceania,2010,97200,158
"Gambia, The",GMB,Africa,2010,91000,159
Palau,PLW,Oceania,2010,85000,160
Eritrea,ERI,Africa,2010,84000,161
"Congo, Dem. Rep.",COD,Africa,2010,81000,162
Dominica,DMA,North America,2010,77000,163
Niger,NER,Africa,2010,74000,164
St. Vincent and the Grenadines,VCT,North America,2010,72000,165
Chad,TCD,Africa,2010,71000,166
Liechtenstein,LIE,Europe,2010,64300,167
Moldova,MDA,Europe,2010,64000,168
Central African Republic,CAF,Africa,2010,53800,169
Djibouti,DJI,Africa,2010,51000,170
Tonga,TON,Oceania,2010,47100,171
"Micronesia, Fed. Sts.",FSM,Oceania,2010,44700,172
Bhutan,BTN,Asia,2010,41000,173
Timor-Leste,TLS,Asia,2010,40000,174
Sierra Leone,SLE,Africa,2010,39000,175
Guinea-Bissau,GNB,Africa,2010,22300,176
Solomon Islands,SLB,Oceania,2010,20500,177
Comoros,COM,Africa,2010,15300,178
Guinea,GIN,Africa,2010,12400,179
Sao Tome and Principe,STP,Africa,2010,8000,180
Kiribati,KIR,Oceania,2010,4700,181
Marshall Islands,MHL,Oceania,2010,4600,182
Tuvalu,TUV,Oceania,2010,1700,183
France,FRA,Europe,2011,80499000,1
United States,USA,North America,2011,63477410,2
China,CHN,Asia,2011,57581000,3
Spain,ESP,Europe,2011,56177000,4
Italy,ITA,Europe,2011,46119000,5
Turkey,TUR,Asia,2011,34654000,6
United Kingdom,GBR,Europe,2011,29306000,7
Germany,DEU,Europe,2011,28374000,8
Russia,RUS,Asia,2011,24932000,9
Malaysia,MYS,Asia,2011,24714000,10
Mexico,MEX,North America,2011,23403000,11
Austria,AUT,Europe,2011,23012000,12
"Hong Kong SAR, China",HKG,Asia,2011,22316000,13
Ukraine,UKR,Europe,2011,21415000,14
Thailand,THA,Asia,2011,19230000,15
Greece,GRC,Europe,2011,16427000,16
Canada,CAN,North America,2011,16014000,17
Saudi Arabia,SAU,Asia,2011,14179000,18
Poland,POL,Europe,2011,13350000,19
"Macao SAR, China",MAC,Asia,2011,12925000,20
Netherlands,NLD,Europe,2011,11300000,21
Singapore,SGP,Asia,2011,10390000,22
Hungary,HUN,Europe,2011,10250000,23
Croatia,HRV,Europe,2011,9927000,24
South Korea,KOR,Asia,2011,9795000,25
Egypt,EGY,Africa,2011,9497000,26
Morocco,MAR,Africa,2011,9342000,27
Switzerland,CHE,Europe,2011,8534000,28
Denmark,DNK,Europe,2011,8471000,29
South Africa,ZAF,Africa,2011,8339000,30
Indonesia,IDN,Asia,2011,7650000,31
Ireland,IRL,Europe,2011,7630000,32
Romania,ROU,Europe,2011,7611000,33
Belgium,BEL,Europe,2011,7494000,34
Portugal,PRT,Europe,2011,7264000,35
Bahrain,BHR,Asia,2011,6732000,36
Czech Republic,CZE,Europe,2011,6715000,37
Argentina,ARG,South America,2011,6703000,38
Bulgaria,BGR,Europe,2011,6328000,39
India,IND,Asia,2011,6309000,40
Japan,JPN,Asia,2011,6219000,41
Vietnam,VNM,Asia,2011,6014000,42
Australia,AUS,Oceania,2011,5771000,43
Tunisia,TUN,Africa,2011,5746000,44
Kazakhstan,KAZ,Asia,2011,5685000,45
Kuwait,KWT,Asia,2011,5574000,46
Brazil,BRA,South America,2011,5433000,47
Sweden,SWE,Europe,2011,5222000,48
Syria,SYR,Asia,2011,5070000,49
Norway,NOR,Europe,2011,4963000,50
Dominican Republic,DOM,North America,2011,4306000,51
Jordan,JOR,Asia,2011,3960000,52
Philippines,PHL,Asia,2011,3917000,53
Nigeria,NGA,Africa,2011,3765000,54
Iran,IRN,Asia,2011,3354000,55
Chile,CHL,South America,2011,3137000,56
Cambodia,KHM,Asia,2011,2882000,57
Uruguay,URY,South America,2011,2857000,58
Estonia,EST,Europe,2011,2823000,59
Israel,ISR,Asia,2011,2820000,60
Cuba,CUB,North America,2011,2688000,61
Finland,FIN,Europe,2011,2623000,62
Peru,PER,South America,2011,2598000,63
New Zealand,NZL,Oceania,2011,2511000,64
Albania,ALB,Europe,2011,2469000,65
Zimbabwe,ZWE,Africa,2011,2423000,66
Algeria,DZA,Africa,2011,2395000,67
Cyprus,CYP,Europe,2011,2392000,68
Andorra,AND,Europe,2011,2242000,69
Slovenia,SVN,Europe,2011,2236000,70
Costa Rica,CRI,North America,2011,2192000,71
Qatar,QAT,Asia,2011,2056700,72
Colombia,COL,South America,2011,2042000,73
Jamaica,JAM,North America,2011,1952000,74
Mozambique,MOZ,Africa,2011,1902000,75
Laos,LAO,Asia,2011,1894000,76
Georgia,GEO,Asia,2011,1833000,77
Lithuania,LTU,Europe,2011,1775000,78
Kenya,KEN,Africa,2011,1750000,79
Lebanon,LBN,Asia,2011,1655000,80
Azerbaijan,AZE,Asia,2011,1562000,81
Iraq,IRQ,Asia,2011,1510000,82
Latvia,LVA,Europe,2011,1493000,83
Panama,PAN,North America,2011,1473000,84
Slovakia,SVK,Europe,2011,1460000,85
Malta,MLT,Europe,2011,1415000,86
Uzbekistan,UZB,Asia,2011,1393000,87
"Bahamas, The",BHS,North America,2011,1346000,88
Montenegro,MNE,Europe,2011,1201000,89
El Salvador,SLV,North America,2011,1184000,90
Pakistan,PAK,Asia,2011,1161000,91
Guatemala,GTM,North America,2011,1160000,92
Uganda,UGA,Africa,2011,1151000,93
Ecuador,ECU,South America,2011,1141000,94
Nicaragua,NIC,North America,2011,1060000,95
Namibia,NAM,Africa,2011,1027000,96
Oman,OMN,Asia,2011,1018000,97
Senegal,SEN,Africa,2011,968000,98
Mauritius,MUS,Africa,2011,965000,99
Maldives,MDV,Asia,2011,931000,100
Zambia,ZMB,Africa,2011,920000,101
Eswatini,SWZ,Africa,2011,879000,102
Luxembourg,LUX,Europe,2011,874000,103
Honduras,HND,North America,2011,871000,104
Sri Lanka,LKA,Asia,2011,856000,105
Tanzania,TZA,Africa,2011,843000,106
Yemen,YEM,Asia,2011,829000,107
Ghana,GHA,Africa,2011,821000,108
Myanmar,MMR,Asia,2011,816000,109
Malawi,MWI,Africa,2011,767000,110
Serbia,SRB,Europe,2011,764000,111
Armenia,ARM,Asia,2011,758000,112
Nepal,NPL,Asia,2011,736000,113
Bolivia,BOL,South America,2011,711000,114
Rwanda,RWA,Africa,2011,688000,115
Fiji,FJI,Oceania,2011,675000,116
Cameroon,CMR,Africa,2011,604000,117
Venezuela,VEN,South America,2011,595000,118
Barbados,BRB,North America,2011,568000,119
Iceland,ISL,Europe,2011,566000,120
Sudan,SDN,Africa,2011,536000,121
Paraguay,PRY,South America,2011,524000,122
Ethiopia,ETH,Africa,2011,523000,123
Angola,AGO,Africa,2011,481000,124
Mongolia,MNG,Asia,2011,460000,125
Palestine,PSE,Asia,2011,449000,126
Trinidad and Tobago,TTO,North America,2011,431000,127
Cabo Verde,CPV,Africa,2011,428000,128
Lesotho,LSO,Africa,2011,398000,129
Bosnia and Herzegovina,BIH,Europe,2011,392000,130
Haiti,HTI,North America,2011,349000,131
Kyrgyzstan,KGZ,Asia,2011,337000,132
North Macedonia,MKD,Europe,2011,327000,133
St. Lucia,LCA,North America,2011,312000,134
Togo,TGO,Africa,2011,300000,135
Monaco,MCO,Europe,2011,295000,136
Cote d'Ivoire,CIV,Africa,2011,270000,137
Belize,BLZ,North America,2011,250000,138
Brunei Darussalam,BRN,Asia,2011,242000,139
Antigua and Barbuda,ATG,North America,2011,241000,140
Burkina Faso,BFA,Africa,2011,238000,141
Madagascar,MDG,Africa,2011,225000,142
Suriname,SUR,South America,2011,220000,143
"Congo, Rep.",COG,Africa,2011,218000,144
Benin,BEN,Africa,2011,209000,145
Seychelles,SYC,Africa,2011,194000,146
"Congo, Dem. Rep.",COD,Africa,2011,186000,147
Tajikistan,TJK,Asia,2011,183000,148
Papua New Guinea,PNG,Oceania,2011,158000,149
Guyana,GUY,South America,2011,157000,150
San Marino,SMR,Europe,2011,156000,151
Bangladesh,BGD,Asia,2011,155000,152
Burundi,BDI,Africa,2011,144000,153
Guinea,GIN,Africa,2011,131000,154
Samoa,WSM,Oceania,2011,121000,155
Grenada,GRD,North America,2011,118000,156
Belarus,BLR,Europe,2011,116000,157
Palau,PLW,Oceania,2011,111000,158
Eritrea,ERI,Africa,2011,107000,159
"Gambia, The",GMB,Africa,2011,106000,160
St. Kitts and Nevis,KNA,North America,2011,104000,161
Vanuatu,VUT,Oceania,2011,94000,162
Niger,NER,Africa,2011,82000,163
Chad,TCD,Africa,2011,77000,164
Dominica,DMA,North America,2011,76000,165
Moldova,MDA,Europe,2011,75000,166
St. Vincent and the Grenadines,VCT,North America,2011,74000,167
Liechtenstein,LIE,Europe,2011,67000,168
Bhutan,BTN,Asia,2011,66000,169
Central African Republic,CAF,Africa,2011,65400,170
Djibouti,DJI,Africa,2011,56000,171
Sierra Leone,SLE,Africa,2011,52000,172
Timor-Leste,TLS,Asia,2011,51000,173
Tonga,TON,Oceania,2011,46000,174
Guinea-Bissau,GNB,Africa,2011,36700,175
"Micronesia, Fed. Sts.",FSM,Oceania,2011,35400,176
Solomon Islands,SLB,Oceania,2011,22900,177
Comoros,COM,Africa,2011,18800,178
Sao Tome and Principe,STP,Africa,2011,12200,179
Kiribati,KIR,Oceania,2011,5300,180
Marshall Islands,MHL,Oceania,2011,4600,181
Tuvalu,TUV,Oceania,2011,1200,182
France,FRA,Europe,2012,81980000,1
United States,USA,North America,2012,66966900,2
China,CHN,Asia,2012,57725000,3
Spain,ESP,Europe,2012,57464000,4
Italy,ITA,Europe,2012,46360000,5
Turkey,TUR,Asia,2012,35698000,6
Germany,DEU,Europe,2012,30411000,7
United Kingdom,GBR,Europe,2012,29282000,8
Russia,RUS,Asia,2012,28177000,9
Malaysia,MYS,Asia,2012,25033000,10
Austria,AUT,Europe,2012,24151000,11
"Hong Kong SAR, China",HKG,Asia,2012,23770000,12
Mexico,MEX,North America,2012,23403000,13
Ukraine,UKR,Europe,2012,23013000,14
Thailand,THA,Asia,2012,22354000,15
Canada,CAN,North America,2012,16344000,16
Saudi Arabia,SAU,Asia,2012,16332000,17
Greece,GRC,Europe,2012,15518000,18
Poland,POL,Europe,2012,14840000,19
"Macao SAR, China",MAC,Asia,2012,13577000,20
Netherlands,NLD,Europe,2012,11680000,21
Egypt,EGY,Africa,2012,11196000,22
South Korea,KOR,Asia,2012,11140000,23
Singapore,SGP,Asia,2012,11098000,24
Croatia,HRV,Europe,2012,10369000,25
Hungary,HUN,Europe,2012,10353000,26
Morocco,MAR,Africa,2012,9375000,27
South Africa,ZAF,Africa,2012,9188000,28
Switzerland,CHE,Europe,2012,8566000,29
Denmark,DNK,Europe,2012,8443000,30
Japan,JPN,Asia,2012,8358000,31
Bahrain,BHR,Asia,2012,8062000,32
Indonesia,IDN,Asia,2012,8044000,33
Romania,ROU,Europe,2012,7937000,34
Czech Republic,CZE,Europe,2012,7647000,35
Belgium,BEL,Europe,2012,7560000,36
Ireland,IRL,Europe,2012,7550000,37
Portugal,PRT,Europe,2012,7503000,38
Tunisia,TUN,Africa,2012,6999000,39
Vietnam,VNM,Asia,2012,6848000,40
India,IND,Asia,2012,6578000,41
Bulgaria,BGR,Europe,2012,6541000,42
Argentina,ARG,South America,2012,6497000,43
Kazakhstan,KAZ,Asia,2012,6163000,44
Belarus,BLR,Europe,2012,6129900,45
Australia,AUS,Oceania,2012,6032000,46
Kuwait,KWT,Asia,2012,5729000,47
Brazil,BRA,South America,2012,5677000,48
Sweden,SWE,Europe,2012,5146000,49
Nigeria,NGA,Africa,2012,4673000,50
Dominican Republic,DOM,North America,2012,4563000,51
Norway,NOR,Europe,2012,4538000,52
Philippines,PHL,Asia,2012,4273000,53
Jordan,JOR,Asia,2012,4162000,54
Iran,IRN,Asia,2012,3834000,55
Cambodia,KHM,Asia,2012,3584000,56
Chile,CHL,South America,2012,3554000,57
Albania,ALB,Europe,2012,3156000,58
Estonia,EST,Europe,2012,2957000,59
Israel,ISR,Asia,2012,2886000,60
Peru,PER,South America,2012,2846000,61
Cuba,CUB,North America,2012,2823000,62
Finland,FIN,Europe,2012,2778000,63
Uruguay,URY,South America,2012,2695000,64
Algeria,DZA,Africa,2012,2634000,65
New Zealand,NZL,Oceania,2012,2473000,66
Cyprus,CYP,Europe,2012,2465000,67
Georgia,GEO,Asia,2012,2460000,68
Slovenia,SVN,Europe,2012,2377000,69
Costa Rica,CRI,North America,2012,2343000,70
Qatar,QAT,Asia,2012,2323500,71
Laos,LAO,Asia,2012,2291000,72
Andorra,AND,Europe,2012,2238000,73
Colombia,COL,South America,2012,2179000,74
Mozambique,MOZ,Africa,2012,2113000,75
Azerbaijan,AZE,Asia,2012,1986000,76
Jamaica,JAM,North America,2012,1986000,77
Lithuania,LTU,Europe,2012,1900000,78
Uzbekistan,UZB,Asia,2012,1895000,79
Zimbabwe,ZWE,Africa,2012,1794000,80
Kenya,KEN,Africa,2012,1619000,81
Botswana,BWA,Africa,2012,1614000,82
Panama,PAN,North America,2012,1606000,83
Slovakia,SVK,Europe,2012,1528000,84
Malta,MLT,Europe,2012,1443000,85
Latvia,LVA,Europe,2012,1435000,86
"Bahamas, The",BHS,North America,2012,1422000,87
Lebanon,LBN,Asia,2012,1366000,88
Ecuador,ECU,South America,2012,1272000,89
Montenegro,MNE,Europe,2012,1264000,90
El Salvador,SLV,North America,2012,1255000,91
Oman,OMN,Asia,2012,1241000,92
Guatemala,GTM,North America,2012,1200000,93
Uganda,UGA,Africa,2012,1197000,94
Nicaragua,NIC,North America,2012,1180000,95
Iraq,IRQ,Asia,2012,1111000,96
Namibia,NAM,Africa,2012,1079000,97
Myanmar,MMR,Asia,2012,1059000,98
Tanzania,TZA,Africa,2012,1043000,99
Sri Lanka,LKA,Asia,2012,1006000,100
Venezuela,VEN,South America,2012,988000,101
Pakistan,PAK,Asia,2012,966000,102
Mauritius,MUS,Africa,2012,965000,103
Armenia,ARM,Asia,2012,963000,104
Senegal,SEN,Africa,2012,962000,105
Maldives,MDV,Asia,2012,958000,106
Luxembourg,LUX,Europe,2012,950000,107
Ghana,GHA,Africa,2012,903000,108
Honduras,HND,North America,2012,895000,109
Eswatini,SWZ,Africa,2012,888000,110
Yemen,YEM,Asia,2012,874000,111
Zambia,ZMB,Africa,2012,859000,112
Cameroon,CMR,Africa,2012,817000,113
Rwanda,RWA,Africa,2012,815000,114
Serbia,SRB,Europe,2012,810000,115
Nepal,NPL,Asia,2012,803000,116
Bolivia,BOL,South America,2012,798000,117
Malawi,MWI,Africa,2012,770000,118
Iceland,ISL,Europe,2012,673000,119
Fiji,FJI,Oceania,2012,661000,120
Ethiopia,ETH,Africa,2012,597000,121
Paraguay,PRY,South America,2012,579000,122
Sudan,SDN,Africa,2012,575000,123
Barbados,BRB,North America,2012,536000,124
Angola,AGO,Africa,2012,528000,125
Palestine,PSE,Asia,2012,490000,126
Cabo Verde,CPV,Africa,2012,482000,127
Mongolia,MNG,Asia,2012,476000,128
Trinidad and Tobago,TTO,North America,2012,455000,129
Bosnia and Herzegovina,BIH,Europe,2012,439000,130
Lesotho,LSO,Africa,2012,423000,131
North Macedonia,MKD,Europe,2012,351000,132
Haiti,HTI,North America,2012,349000,133
Kyrgyzstan,KGZ,Asia,2012,348000,134
St. Lucia,LCA,North America,2012,307000,135
Monaco,MCO,Europe,2012,292000,136
Cote d'Ivoire,CIV,Africa,2012,289000,137
Belize,BLZ,North America,2012,277000,138
"Congo, Rep.",COG,Africa,2012,256000,139
Madagascar,MDG,Africa,2012,256000,140
Antigua and Barbuda,ATG,North America,2012,247000,141
Tajikistan,TJK,Asia,2012,244000,142
Suriname,SUR,South America,2012,240000,143
Burkina Faso,BFA,Africa,2012,237000,144
Togo,TGO,Africa,2012,235000,145
Benin,BEN,Africa,2012,220000,146
Brunei Darussalam,BRN,Asia,2012,209000,147
Seychelles,SYC,Africa,2012,208000,148
Guyana,GUY,South America,2012,177000,149
Papua New Guinea,PNG,Oceania,2012,168000,150
"Congo, Dem. Rep.",COD,Africa,2012,167000,151
"Gambia, The",GMB,Africa,2012,157000,152
Burundi,BDI,Africa,2012,147000,153
San Marino,SMR,Europe,2012,139000,154
Eritrea,ERI,Africa,2012,129000,155
Samoa,WSM,Oceania,2012,126000,156
Bangladesh,BGD,Asia,2012,125000,157
Grenada,GRD,North America,2012,125000,158
Palau,PLW,Oceania,2012,120000,159
Vanuatu,VUT,Oceania,2012,108200,160
Bhutan,BTN,Asia,2012,105000,161
St. Kitts and Nevis,KNA,North America,2012,104000,162
Guinea,GIN,Africa,2012,96000,163
Niger,NER,Africa,2012,94000,164
Moldova,MDA,Europe,2012,89000,165
Chad,TCD,Africa,2012,86000,166
Dominica,DMA,North America,2012,79000,167
St. Vincent and the Grenadines,VCT,North America,2012,74000,168
Central African Republic,CAF,Africa,2012,70800,169
Liechtenstein,LIE,Europe,2012,62400,170
Djibouti,DJI,Africa,2012,60000,171
Sierra Leone,SLE,Africa,2012,60000,172
Timor-Leste,TLS,Asia,2012,58000,173
Tonga,TON,Oceania,2012,47400,174
"Micronesia, Fed. Sts.",FSM,Oceania,2012,38300,175
Guinea-Bissau,GNB,Africa,2012,35400,176
Solomon Islands,SLB,Oceania,2012,23900,177
Comoros,COM,Africa,2012,22800,178
Kiribati,KIR,Oceania,2012,4900,179
Marshall Islands,MHL,Oceania,2012,4600,180
Tuvalu,TUV,Oceania,2012,1100,181
France,FRA,Europe,2013,83634000,1
United States,USA,North America,2013,71642910,2
Spain,ESP,Europe,2013,60675000,3
China,CHN,Asia,2013,55686000,4
Italy,ITA,Europe,2013,47704000,5
Turkey,TUR,Asia,2013,37795000,6
Germany,DEU,Europe,2013,31545000,7
United Kingdom,GBR,Europe,2013,31063000,8
Russia,RUS,Asia,2013,30792000,9
Thailand,THA,Asia,2013,26547000,10
Malaysia,MYS,Asia,2013,25715000,11
"Hong Kong SAR, China",HKG,Asia,2013,25661000,12
Austria,AUT,Europe,2013,24813000,13
Ukraine,UKR,Europe,2013,24671000,14
Mexico,MEX,North America,2013,24151000,15
Greece,GRC,Europe,2013,17920000,16
Canada,CAN,North America,2013,16059000,17
Poland,POL,Europe,2013,15800000,18
Saudi Arabia,SAU,Asia,2013,15772000,19
"Macao SAR, China",MAC,Asia,2013,14268000,20
Netherlands,NLD,Europe,2013,12783000,21
South Korea,KOR,Asia,2013,12176000,22
Singapore,SGP,Asia,2013,11899000,23
Croatia,HRV,Europe,2013,10948000,24
Hungary,HUN,Europe,2013,10624000,25
Japan,JPN,Asia,2013,10364000,26
Morocco,MAR,Africa,2013,10046000,27
South Africa,ZAF,Africa,2013,9537000,28
Portugal,PRT,Europe,2013,9177000,29
Egypt,EGY,Africa,2013,9174000,30
Bahrain,BHR,Asia,2013,9163000,31
Switzerland,CHE,Europe,2013,8967000,32
Indonesia,IDN,Asia,2013,8802000,33
Denmark,DNK,Europe,2013,8557000,34
Ireland,IRL,Europe,2013,8260000,35
Romania,ROU,Europe,2013,8019000,36
Czech Republic,CZE,Europe,2013,7852000,37
Belgium,BEL,Europe,2013,7684000,38
Vietnam,VNM,Asia,2013,7572000,39
Tunisia,TUN,Africa,2013,7352000,40
India,IND,Asia,2013,6968000,41
Bulgaria,BGR,Europe,2013,6898000,42
Kazakhstan,KAZ,Asia,2013,6841000,43
Argentina,ARG,South America,2013,6510000,44
Australia,AUS,Oceania,2013,6482000,45
Belarus,BLR,Europe,2013,6241800,46
Kuwait,KWT,Asia,2013,6217000,47
Brazil,BRA,South America,2013,5813000,48
Sweden,SWE,Europe,2013,5229000,49
Norway,NOR,Europe,2013,4778000,50
Iran,IRN,Asia,2013,4769000,51
Dominican Republic,DOM,North America,2013,4690000,52
Philippines,PHL,Asia,2013,4681000,53
Cambodia,KHM,Asia,2013,4210000,54
Nigeria,NGA,Africa,2013,4038000,55
Jordan,JOR,Asia,2013,3945000,56
Chile,CHL,South America,2013,3576000,57
Peru,PER,South America,2013,3164000,58
Estonia,EST,Europe,2013,3111000,59
Israel,ISR,Asia,2013,2962000,60
Georgia,GEO,Asia,2013,2884000,61
Albania,ALB,Europe,2013,2857000,62
Cuba,CUB,North America,2013,2839000,63
Finland,FIN,Europe,2013,2797000,64
Algeria,DZA,Africa,2013,2733000,65
Laos,LAO,Asia,2013,2700000,66
Uruguay,URY,South America,2013,2683000,67
New Zealand,NZL,Oceania,2013,2629000,68
Qatar,QAT,Asia,2013,2611900,69
Slovenia,SVN,Europe,2013,2502000,70
Costa Rica,CRI,North America,2013,2428000,71
Cyprus,CYP,Europe,2013,2405000,72
Andorra,AND,Europe,2013,2328000,73
Colombia,COL,South America,2013,2288000,74
Azerbaijan,AZE,Asia,2013,2130000,75
Myanmar,MMR,Asia,2013,2044000,76
Lithuania,LTU,Europe,2013,2012000,77
Jamaica,JAM,North America,2013,2008400,78
Uzbekistan,UZB,Asia,2013,1969000,79
Mozambique,MOZ,Africa,2013,1886000,80
Zimbabwe,ZWE,Africa,2013,1833000,81
Slovakia,SVK,Europe,2013,1670000,82
Panama,PAN,North America,2013,1658000,83
Malta,MLT,Europe,2013,1582000,84
Botswana,BWA,Africa,2013,1544000,85
Latvia,LVA,Europe,2013,1536000,86
Kenya,KEN,Africa,2013,1434000,87
Oman,OMN,Asia,2013,1392000,88
"Bahamas, The",BHS,North America,2013,1366000,89
Ecuador,ECU,South America,2013,1364000,90
Montenegro,MNE,Europe,2013,1324000,91
El Salvador,SLV,North America,2013,1283000,92
Sri Lanka,LKA,Asia,2013,1275000,93
Lebanon,LBN,Asia,2013,1274000,94
Nicaragua,NIC,North America,2013,1229000,95
Guatemala,GTM,North America,2013,1224000,96
Uganda,UGA,Africa,2013,1206000,97
Namibia,NAM,Africa,2013,1176000,98
Maldives,MDV,Asia,2013,1125000,99
Armenia,ARM,Asia,2013,1084000,100
Senegal,SEN,Africa,2013,1063000,101
Tanzania,TZA,Africa,2013,1063000,102
Ghana,GHA,Africa,2013,994000,103
Mauritius,MUS,Africa,2013,993000,104
Yemen,YEM,Asia,2013,990000,105
Venezuela,VEN,South America,2013,986000,106
Eswatini,SWZ,Africa,2013,968000,107
Luxembourg,LUX,Europe,2013,945000,108
Serbia,SRB,Europe,2013,922000,109
Zambia,ZMB,Africa,2013,915000,110
Iraq,IRQ,Asia,2013,892000,111
Rwanda,RWA,Africa,2013,864000,112
Honduras,HND,North America,2013,863000,113
Iceland,ISL,Europe,2013,807300,114
Bolivia,BOL,South America,2013,798000,115
Nepal,NPL,Asia,2013,798000,116
Malawi,MWI,Africa,2013,795000,117
Cameroon,CMR,Africa,2013,783000,118
Ethiopia,ETH,Africa,2013,681000,119
Fiji,FJI,Oceania,2013,659000,120
Angola,AGO,Africa,2013,650000,121
Paraguay,PRY,South America,2013,610000,122
Sudan,SDN,Africa,2013,591000,123
Palestine,PSE,Asia,2013,545000,124
Bosnia and Herzegovina,BIH,Europe,2013,529000,125
Barbados,BRB,North America,2013,509000,126
Cabo Verde,CPV,Africa,2013,503000,127
Trinidad and Tobago,TTO,North America,2013,434000,128
Lesotho,LSO,Africa,2013,433000,129
Haiti,HTI,North America,2013,420000,130
Mongolia,MNG,Asia,2013,418000,131
Kyrgyzstan,KGZ,Asia,2013,415000,132
North Macedonia,MKD,Europe,2013,400000,133
Cote d'Ivoire,CIV,Africa,2013,380000,134
"Congo, Rep.",COG,Africa,2013,343000,135
Monaco,MCO,Europe,2013,328000,136
Togo,TGO,Africa,2013,327000,137
St. Lucia,LCA,North America,2013,319000,138
Belize,BLZ,North America,2013,294000,139
Suriname,SUR,South America,2013,249000,140
Antigua and Barbuda,ATG,North America,2013,243000,141
Burundi,BDI,Africa,2013,234000,142
Benin,BEN,Africa,2013,231000,143
Seychelles,SYC,Africa,2013,230000,144
Brunei Darussalam,BRN,Asia,2013,225000,145
Burkina Faso,BFA,Africa,2013,218000,146
Tajikistan,TJK,Asia,2013,208000,147
Guyana,GUY,South America,2013,200000,148
Madagascar,MDG,Africa,2013,196000,149
"Congo, Dem. Rep.",COD,Africa,2013,191000,150
Papua New Guinea,PNG,Oceania,2013,174000,151
"Gambia, The",GMB,Africa,2013,171000,152
Bangladesh,BGD,Asia,2013,148000,153
Eritrea,ERI,Africa,2013,141000,154
Grenada,GRD,North America,2013,128000,155
Niger,NER,Africa,2013,123000,156
Bhutan,BTN,Asia,2013,116000,157
Samoa,WSM,Oceania,2013,116000,158
Vanuatu,VUT,Oceania,2013,110000,159
Palau,PLW,Oceania,2013,108000,160
St. Kitts and Nevis,KNA,North America,2013,107000,161
Chad,TCD,Africa,2013,97000,162
Moldova,MDA,Europe,2013,95600,163
Central African Republic,CAF,Africa,2013,83500,164
Sierra Leone,SLE,Africa,2013,81000,165
Timor-Leste,TLS,Asia,2013,79000,166
Dominica,DMA,North America,2013,78000,167
St. Vincent and the Grenadines,VCT,North America,2013,72000,168
San Marino,SMR,Europe,2013,71000,169
Djibouti,DJI,Africa,2013,63000,170
Liechtenstein,LIE,Europe,2013,59600,171
Guinea,GIN,Africa,2013,56000,172
Tonga,TON,Oceania,2013,48200,173
"Micronesia, Fed. Sts.",FSM,Oceania,2013,42100,174
Guinea-Bissau,GNB,Africa,2013,35500,175
Solomon Islands,SLB,Oceania,2013,24400,176
Comoros,COM,Africa,2013,21900,177
Kiribati,KIR,Oceania,2013,5900,178
Tuvalu,TUV,Oceania,2013,1300,179
France,FRA,Europe,2014,83701000,1
United States,USA,North America,2014,75379350,2
Spain,ESP,Europe,2014,64939000,3
China,CHN,Asia,2014,55622000,4
Italy,ITA,Europe,2014,48576000,5
Turkey,TUR,Asia,2014,39811000,6
Germany,DEU,Europe,2014,32999000,7
United Kingdom,GBR,Europe,2014,32613000,8
Russia,RUS,Asia,2014,32421000,9
Mexico,MEX,North America,2014,29346000,10
"Hong Kong SAR, China",HKG,Asia,2014,27770000,11
Malaysia,MYS,Asia,2014,27437000,12
Austria,AUT,Europe,2014,25291000,13
Thailand,THA,Asia,2014,24810000,14
Greece,GRC,Europe,2014,22033000,15
Saudi Arabia,SAU,Asia,2014,18260000,16
Canada,CAN,North America,2014,16537000,17
Poland,POL,Europe,2014,16000000,18
"Macao SAR, China",MAC,Asia,2014,14566000,19
South Korea,KOR,Asia,2014,14202000,20
Netherlands,NLD,Europe,2014,13925000,21
Japan,JPN,Asia,2014,13413000,22
India,IND,Asia,2014,13107000,23
Ukraine,UKR,Europe,2014,12712000,24
Hungary,HUN,Europe,2014,12140000,25
Singapore,SGP,Asia,2014,11864000,26
Croatia,HRV,Europe,2014,11623000,27
Portugal,PRT,Europe,2014,10497000,28
Bahrain,BHR,Asia,2014,10452000,29
Morocco,MAR,Africa,2014,10283000,30
Denmark,DNK,Europe,2014,10267000,31
Egypt,EGY,Africa,2014,9628300,32
South Africa,ZAF,Africa,2014,9549000,33
Indonesia,IDN,Asia,2014,9435000,34
Switzerland,CHE,Europe,2014,9158000,35
Ireland,IRL,Europe,2014,8813000,36
Romania,ROU,Europe,2014,8442000,37
Czech Republic,CZE,Europe,2014,8096000,38
Belgium,BEL,Europe,2014,7887000,39
Vietnam,VNM,Asia,2014,7874000,40
Bulgaria,BGR,Europe,2014,7311000,41
Argentina,ARG,South America,2014,7165000,42
Tunisia,TUN,Africa,2014,7163000,43
Australia,AUS,Oceania,2014,6922000,44
Kuwait,KWT,Asia,2014,6528000,45
Brazil,BRA,South America,2014,6430000,46
Kazakhstan,KAZ,Asia,2014,6333000,47
Sweden,SWE,Europe,2014,5660000,48
Belarus,BLR,Europe,2014,5374900,49
Dominican Republic,DOM,North America,2014,5141400,50
Iran,IRN,Asia,2014,4968000,51
Norway,NOR,Europe,2014,4855000,52
Philippines,PHL,Asia,2014,4833000,53
Nigeria,NGA,Africa,2014,4803000,54
Cambodia,KHM,Asia,2014,4503000,55
Jordan,JOR,Asia,2014,3990000,56
Chile,CHL,South America,2014,3674000,57
Albania,ALB,Europe,2014,3341000,58
Peru,PER,South America,2014,3215000,59
Laos,LAO,Asia,2014,3164000,60
Estonia,EST,Europe,2014,3160000,61
Myanmar,MMR,Asia,2014,3081000,62
Cuba,CUB,North America,2014,2981000,63
Georgia,GEO,Asia,2014,2939000,64
Israel,ISR,Asia,2014,2927000,65
Qatar,QAT,Asia,2014,2839200,66
New Zealand,NZL,Oceania,2014,2772000,67
Finland,FIN,Europe,2014,2731000,68
Uruguay,URY,South America,2014,2682000,69
Slovenia,SVN,Europe,2014,2675000,70
Colombia,COL,South America,2014,2552000,71
Costa Rica,CRI,North America,2014,2527000,72
Cyprus,CYP,Europe,2014,2441000,73
Andorra,AND,Europe,2014,2363000,74
Algeria,DZA,Africa,2014,2301000,75
Azerbaijan,AZE,Asia,2014,2160000,76
Jamaica,JAM,North America,2014,2080000,77
Lithuania,LTU,Europe,2014,2063000,78
Botswana,BWA,Africa,2014,1966000,79
Zimbabwe,ZWE,Africa,2014,1880000,80
Uzbekistan,UZB,Asia,2014,1862000,81
Latvia,LVA,Europe,2014,1843000,82
Panama,PAN,North America,2014,1745000,83
Ecuador,ECU,South America,2014,1695000,84
Malta,MLT,Europe,2014,1690000,85
Mozambique,MOZ,Africa,2014,1661000,86
Oman,OMN,Asia,2014,1611000,87
Sri Lanka,LKA,Asia,2014,1527000,88
Slovakia,SVK,Europe,2014,1475000,89
"Bahamas, The",BHS,North America,2014,1446000,90
Guatemala,GTM,North America,2014,1371000,91
Lebanon,LBN,Asia,2014,1355000,92
Montenegro,MNE,Europe,2014,1350000,93
El Salvador,SLV,North America,2014,1345000,94
Nicaragua,NIC,North America,2014,1330000,95
Namibia,NAM,Africa,2014,1320000,96
Uganda,UGA,Africa,2014,1266000,97
Kenya,KEN,Africa,2014,1261000,98
Maldives,MDV,Asia,2014,1205000,99
Armenia,ARM,Asia,2014,1204000,100
Tanzania,TZA,Africa,2014,1113000,101
Lesotho,LSO,Africa,2014,1079000,102
Luxembourg,LUX,Europe,2014,1038000,103
Mauritius,MUS,Africa,2014,1038000,104
Serbia,SRB,Europe,2014,1029000,105
Yemen,YEM,Asia,2014,1017500,106
Iceland,ISL,Europe,2014,997000,107
Senegal,SEN,Africa,2014,963000,108
Zambia,ZMB,Africa,2014,947000,109
Eswatini,SWZ,Africa,2014,939000,110
Rwanda,RWA,Africa,2014,926000,111
Bolivia,BOL,South America,2014,871000,112
Honduras,HND,North America,2014,868000,113
Venezuela,VEN,South America,2014,857000,114
Ghana,GHA,Africa,2014,825000,115
Cameroon,CMR,Africa,2014,822000,116
Malawi,MWI,Africa,2014,819000,117
Nepal,NPL,Asia,2014,790000,118
Ethiopia,ETH,Africa,2014,770000,119
Fiji,FJI,Oceania,2014,693000,120
Sudan,SDN,Africa,2014,684000,121
Paraguay,PRY,South America,2014,649000,122
Angola,AGO,Africa,2014,595000,123
Palestine,PSE,Asia,2014,556000,124
Bosnia and Herzegovina,BIH,Europe,2014,536000,125
Barbados,BRB,North America,2014,521000,126
Cabo Verde,CPV,Africa,2014,494000,127
Cote d'Ivoire,CIV,Africa,2014,471000,128
Haiti,HTI,North America,2014,465200,129
North Macedonia,MKD,Europe,2014,425000,130
Kyrgyzstan,KGZ,Asia,2014,413000,131
Trinidad and Tobago,TTO,North America,2014,412000,132
Mongolia,MNG,Asia,2014,393000,133
St. Lucia,LCA,North America,2014,338000,134
"Congo, Dem. Rep.",COD,Africa,2014,334000,135
Monaco,MCO,Europe,2014,329000,136
Belize,BLZ,North America,2014,321000,137
Togo,TGO,Africa,2014,282000,138
Suriname,SUR,South America,2014,252000,139
Antigua and Barbuda,ATG,North America,2014,249000,140
Benin,BEN,Africa,2014,242000,141
Burundi,BDI,Africa,2014,235000,142
Seychelles,SYC,Africa,2014,233000,143
"Congo, Rep.",COG,Africa,2014,226000,144
Madagascar,MDG,Africa,2014,222000,145
Tajikistan,TJK,Asia,2014,213000,146
Guyana,GUY,South America,2014,206000,147
Brunei Darussalam,BRN,Asia,2014,201000,148
Burkina Faso,BFA,Africa,2014,191000,149
Papua New Guinea,PNG,Oceania,2014,182000,150
"Gambia, The",GMB,Africa,2014,156000,151
Grenada,GRD,North America,2014,150000,152
Palau,PLW,Oceania,2014,140000,153
Niger,NER,Africa,2014,135000,154
Bhutan,BTN,Asia,2014,133000,155
Bangladesh,BGD,Asia,2014,125000,156
Samoa,WSM,Oceania,2014,120400,157
Eritrea,ERI,Africa,2014,119000,158
Chad,TCD,Africa,2014,119000,159
St. Kitts and Nevis,KNA,North America,2014,113000,160
Vanuatu,VUT,Oceania,2014,109000,161
Central African Republic,CAF,Africa,2014,95700,162
Moldova,MDA,Europe,2014,93900,163
Dominica,DMA,North America,2014,81500,164
San Marino,SMR,Europe,2014,75000,165
St. Vincent and the Grenadines,VCT,North America,2014,71000,166
Liechtenstein,LIE,Europe,2014,61300,167
Timor-Leste,TLS,Asia,2014,60000,168
Tonga,TON,Oceania,2014,50400,169
Sierra Leone,SLE,Africa,2014,44000,170
Guinea-Bissau,GNB,Africa,2014,36100,171
"Micronesia, Fed. Sts.",FSM,Oceania,2014,35400,172
Guinea,GIN,Africa,2014,33000,173
Comoros,COM,Africa,2014,22800,174
Solomon Islands,SLB,Oceania,2014,20100,175
Kiribati,KIR,Oceania,2014,5000,176
Marshall Islands,MHL,Oceania,2014,4900,177
Tuvalu,TUV,Oceania,2014,1400,178
France,FRA,Europe,2015,84452000,1
United States,USA,North America,2015,77773520,2
Spain,ESP,Europe,2015,68175000,3
China,CHN,Asia,2015,56886000,4
Italy,ITA,Europe,2015,50732000,5
Turkey,TUR,Asia,2015,39478000,6
Germany,DEU,Europe,2015,34970000,7
United Kingdom,GBR,Europe,2015,34436000,8
Russia,RUS,Asia,2015,33729000,9
Mexico,MEX,North America,2015,32093000,10
Thailand,THA,Asia,2015,29923000,11
Austria,AUT,Europe,2015,26728000,12
"Hong Kong SAR, China",HKG,Asia,2015,26686000,13
Malaysia,MYS,Asia,2015,25721000,14
Greece,GRC,Europe,2015,23599000,15
Japan,JPN,Asia,2015,19737000,16
Saudi Arabia,SAU,Asia,2015,17994000,17
Canada,CAN,North America,2015,17971000,18
Poland,POL,Europe,2015,16728000,19
Netherlands,NLD,Europe,2015,15007000,20
Hungary,HUN,Europe,2015,14316000,21
"Macao SAR, China",MAC,Asia,2015,14308000,22
India,IND,Asia,2015,13284000,23
South Korea,KOR,Asia,2015,13232000,24
Croatia,HRV,Europe,2015,12683000,25
Ukraine,UKR,Europe,2015,12428000,26
Singapore,SGP,Asia,2015,12051000,27
Portugal,PRT,Europe,2015,11723000,28
Denmark,DNK,Europe,2015,10424000,29
Indonesia,IDN,Asia,2015,10407000,30
Morocco,MAR,Africa,2015,10177000,31
Bahrain,BHR,Asia,2015,9670000,32
Ireland,IRL,Europe,2015,9528000,33
Romania,ROU,Europe,2015,9331000,34
Switzerland,CHE,Europe,2015,9305000,35
Egypt,EGY,Africa,2015,9139000,36
South Africa,ZAF,Africa,2015,8904000,37
Czech Republic,CZE,Europe,2015,8707000,38
Belgium,BEL,Europe,2015,8355000,39
Vietnam,VNM,Asia,2015,7944000,40
Australia,AUS,Oceania,2015,7449000,41
Bulgaria,BGR,Europe,2015,7099000,42
Kuwait,KWT,Asia,2015,6941000,43
Argentina,ARG,South America,2015,6816000,44
Sweden,SWE,Europe,2015,6482000,45
Kazakhstan,KAZ,Asia,2015,6430000,46
Brazil,BRA,South America,2015,6306000,47
Nigeria,NGA,Africa,2015,6017000,48
Dominican Republic,DOM,North America,2015,5600000,49
Norway,NOR,Europe,2015,5361000,50
Philippines,PHL,Asia,2015,5361000,51
Tunisia,TUN,Africa,2015,5359000,52
Iran,IRN,Asia,2015,5237000,53
Cambodia,KHM,Asia,2015,4775000,54
Myanmar,MMR,Asia,2015,4681000,55
Chile,CHL,South America,2015,4478000,56
Belarus,BLR,Europe,2015,4385600,57
Albania,ALB,Europe,2015,3784000,58
Jordan,JOR,Asia,2015,3761000,59
Laos,LAO,Asia,2015,3543000,60
Cuba,CUB,North America,2015,3506000,61
Peru,PER,South America,2015,3456000,62
New Zealand,NZL,Oceania,2015,3039000,63
Slovenia,SVN,Europe,2015,3022000,64
Georgia,GEO,Asia,2015,3012000,65
Colombia,COL,South America,2015,2980000,66
Estonia,EST,Europe,2015,2961000,67
Qatar,QAT,Asia,2015,2941100,68
Israel,ISR,Asia,2015,2799000,69
Uruguay,URY,South America,2015,2773000,70
Andorra,AND,Europe,2015,2663000,71
Costa Rica,CRI,North America,2015,2660000,72
Cyprus,CYP,Europe,2015,2659000,73
Finland,FIN,Europe,2015,2622000,74
Jamaica,JAM,North America,2015,2123000,75
Panama,PAN,North America,2015,2110000,76
Lithuania,LTU,Europe,2015,2071000,77
Zimbabwe,ZWE,Africa,2015,2057000,78
Latvia,LVA,Europe,2015,2024000,79
Azerbaijan,AZE,Asia,2015,1922000,80
Uzbekistan,UZB,Asia,2015,1918000,81
Oman,OMN,Asia,2015,1909000,82
Sri Lanka,LKA,Asia,2015,1798000,83
Malta,MLT,Europe,2015,1783000,84
Slovakia,SVK,Europe,2015,1721000,85
Algeria,DZA,Africa,2015,1710000,86
Ecuador,ECU,South America,2015,1676000,87
Montenegro,MNE,Europe,2015,1560000,88
Mozambique,MOZ,Africa,2015,1552000,89
Botswana,BWA,Africa,2015,1528000,90
Lebanon,LBN,Asia,2015,1518000,91
"Bahamas, The",BHS,North America,2015,1502000,92
Guatemala,GTM,North America,2015,1473000,93
Cote d'Ivoire,CIV,Africa,2015,1441000,94
El Salvador,SLV,North America,2015,1402000,95
Namibia,NAM,Africa,2015,1388000,96
Nicaragua,NIC,North America,2015,1386000,97
Uganda,UGA,Africa,2015,1303000,98
Iceland,ISL,Europe,2015,1289000,99
Maldives,MDV,Asia,2015,1234000,100
Paraguay,PRY,South America,2015,1215000,101
Armenia,ARM,Asia,2015,1192000,102
Mauritius,MUS,Africa,2015,1151000,103
Serbia,SRB,Europe,2015,1132000,104
Kenya,KEN,Africa,2015,1114000,105
Tanzania,TZA,Africa,2015,1104000,106
Luxembourg,LUX,Europe,2015,1090000,107
Lesotho,LSO,Africa,2015,1082000,108
Senegal,SEN,Africa,2015,1006600,109
Rwanda,RWA,Africa,2015,987000,110
Zambia,ZMB,Africa,2015,932000,111
Cameroon,CMR,Africa,2015,897000,112
Ghana,GHA,Africa,2015,897000,113
Bolivia,BOL,South America,2015,882000,114
Honduras,HND,North America,2015,880000,115
Eswatini,SWZ,Africa,2015,873000,116
Ethiopia,ETH,Africa,2015,864000,117
Malawi,MWI,Africa,2015,805000,118
Venezuela,VEN,South America,2015,789000,119
Fiji,FJI,Oceania,2015,755000,120
Sudan,SDN,Africa,2015,741000,121
Bosnia and Herzegovina,BIH,Europe,2015,678000,122
Bangladesh,BGD,Asia,2015,643000,123
Angola,AGO,Africa,2015,592000,124
Barbados,BRB,North America,2015,592000,125
Nepal,NPL,Asia,2015,539000,126
Cabo Verde,CPV,Africa,2015,520000,127
Haiti,HTI,North America,2015,516000,128
North Macedonia,MKD,Europe,2015,486000,129
"Gambia, The",GMB,Africa,2015,449000,130
Trinidad and Tobago,TTO,North America,2015,440000,131
Palestine,PSE,Asia,2015,432000,132
Tajikistan,TJK,Asia,2015,414000,133
Kyrgyzstan,KGZ,Asia,2015,402000,134
Mongolia,MNG,Asia,2015,386000,135
Yemen,YEM,Asia,2015,366700,136
"Congo, Dem. Rep.",COD,Africa,2015,354000,137
St. Lucia,LCA,North America,2015,345000,138
Belize,BLZ,North America,2015,341000,139
Monaco,MCO,Europe,2015,331000,140
Seychelles,SYC,Africa,2015,276000,141
Togo,TGO,Africa,2015,273000,142
Benin,BEN,Africa,2015,255000,143
Antigua and Barbuda,ATG,North America,2015,250000,144
Madagascar,MDG,Africa,2015,244000,145
Suriname,SUR,South America,2015,228000,146
"Congo, Rep.",COG,Africa,2015,220000,147
Brunei Darussalam,BRN,Asia,2015,218000,148
Guyana,GUY,South America,2015,207000,149
Papua New Guinea,PNG,Oceania,2015,183000,150
Burkina Faso,BFA,Africa,2015,163000,151
Palau,PLW,Oceania,2015,162000,152
Bhutan,BTN,Asia,2015,155000,153
Grenada,GRD,North America,2015,155000,154
Niger,NER,Africa,2015,135000,155
Burundi,BDI,Africa,2015,131000,156
Samoa,WSM,Oceania,2015,128000,157
Central African Republic,CAF,Africa,2015,120500,158
Chad,TCD,Africa,2015,120000,159
St. Kitts and Nevis,KNA,North America,2015,118000,160
Eritrea,ERI,Africa,2015,114000,161
Moldova,MDA,Europe,2015,94400,162
Vanuatu,VUT,Oceania,2015,90000,163
Dominica,DMA,North America,2015,75000,164
St. Vincent and the Grenadines,VCT,North America,2015,75000,165
Timor-Leste,TLS,Asia,2015,62000,166
Liechtenstein,LIE,Europe,2015,56700,167
San Marino,SMR,Europe,2015,54000,168
Tonga,TON,Oceania,2015,53800,169
Guinea-Bissau,GNB,Africa,2015,43800,170
Guinea,GIN,Africa,2015,35000,171
"Micronesia, Fed. Sts.",FSM,Oceania,2015,31200,172
Sao Tome and Principe,STP,Africa,2015,25600,173
Sierra Leone,SLE,Africa,2015,24000,174
Comoros,COM,Africa,2015,23600,175
Solomon Islands,SLB,Oceania,2015,21600,176
Marshall Islands,MHL,Oceania,2015,6300,177
Kiribati,KIR,Oceania,2015,3900,178
Tuvalu,TUV,Oceania,2015,2400,179
France,FRA,Europe,2016,82682000,1
United States,USA,North America,2016,76407480,2
Spain,ESP,Europe,2016,75315000,3
China,CHN,Asia,2016,59270000,4
Italy,ITA,Europe,2016,52372000,5
United Kingdom,GBR,Europe,2016,35814000,6
Germany,DEU,Europe,2016,35555000,7
Mexico,MEX,North America,2016,35079000,8
Thailand,THA,Asia,2016,32530000,9
Turkey,TUR,Asia,2016,30289000,10
Austria,AUT,Europe,2016,28121000,11
Malaysia,MYS,Asia,2016,26757000,12
"Hong Kong SAR, China",HKG,Asia,2016,26553000,13
Greece,GRC,Europe,2016,24799000,14
Russia,RUS,Asia,2016,24571000,15
Japan,JPN,Asia,2016,24040000,16
Canada,CAN,North America,2016,19971000,17
Saudi Arabia,SAU,Asia,2016,18044000,18
Poland,POL,Europe,2016,17471000,19
South Korea,KOR,Asia,2016,17242000,20
Netherlands,NLD,Europe,2016,15828000,21
"Macao SAR, China",MAC,Asia,2016,15703600,22
Hungary,HUN,Europe,2016,15255000,23
India,IND,Asia,2016,14570000,24
Croatia,HRV,Europe,2016,13809000,25
Portugal,PRT,Europe,2016,13359000,26
Ukraine,UKR,Europe,2016,13333000,27
Singapore,SGP,Asia,2016,12913000,28
Indonesia,IDN,Asia,2016,11519000,29
Belarus,BLR,Europe,2016,10935400,30
Denmark,DNK,Europe,2016,10781000,31
Morocco,MAR,Africa,2016,10332000,32
Romania,ROU,Europe,2016,10223000,33
Bahrain,BHR,Asia,2016,10158000,34
Ireland,IRL,Europe,2016,10100000,35
South Africa,ZAF,Africa,2016,10044000,36
Vietnam,VNM,Asia,2016,10013000,37
Czech Republic,CZE,Europe,2016,9321000,38
Switzerland,CHE,Europe,2016,9205000,39
Australia,AUS,Oceania,2016,8269000,40
Bulgaria,BGR,Europe,2016,8252000,41
Belgium,BEL,Europe,2016,7481000,42
Kuwait,KWT,Asia,2016,7055000,43
Sweden,SWE,Europe,2016,6782000,44
Argentina,ARG,South America,2016,6668000,45
Brazil,BRA,South America,2016,6547000,46
Kazakhstan,KAZ,Asia,2016,6509000,47
Philippines,PHL,Asia,2016,5967000,48
Norway,NOR,Europe,2016,5960000,49
Dominican Republic,DOM,North America,2016,5959300,50
Tunisia,TUN,Africa,2016,5724000,51
Chile,CHL,South America,2016,5641000,52
Nigeria,NGA,Africa,2016,5265000,53
Egypt,EGY,Africa,2016,5258000,54
Cambodia,KHM,Asia,2016,5012000,55
Iran,IRN,Asia,2016,4942000,56
Albania,ALB,Europe,2016,4070000,57
Cuba,CUB,North America,2016,3975000,58
Peru,PER,South America,2016,3744000,59
Jordan,JOR,Asia,2016,3567000,60
Slovenia,SVN,Europe,2016,3397000,61
New Zealand,NZL,Oceania,2016,3370000,62
Laos,LAO,Asia,2016,3315000,63
Georgia,GEO,Asia,2016,3297000,64
Colombia,COL,South America,2016,3254000,65
Cyprus,CYP,Europe,2016,3187000,66
Estonia,EST,Europe,2016,3131000,67
Uruguay,URY,South America,2016,3037000,68
Qatar,QAT,Asia,2016,2938200,69
Costa Rica,CRI,North America,2016,2925000,70
Myanmar,MMR,Asia,2016,2907000,71
Israel,ISR,Asia,2016,2900000,72
Andorra,AND,Europe,2016,2819000,73
Finland,FIN,Europe,2016,2789000,74
Oman,OMN,Asia,2016,2335000,75
Lithuania,LTU,Europe,2016,2296000,76
Jamaica,JAM,North America,2016,2182000,77
Zimbabwe,ZWE,Africa,2016,2168000,78
Sri Lanka,LKA,Asia,2016,2051000,79
Azerbaijan,AZE,Asia,2016,2044000,80
Algeria,DZA,Africa,2016,2039000,81
Slovakia,SVK,Europe,2016,2027000,82
Uzbekistan,UZB,Asia,2016,2027000,83
Malta,MLT,Europe,2016,1966000,84
Panama,PAN,North America,2016,1921000,85
Latvia,LVA,Europe,2016,1793000,86
Iceland,ISL,Europe,2016,1792000,87
Lebanon,LBN,Asia,2016,1688000,88
Montenegro,MNE,Europe,2016,1662000,89
Mozambique,MOZ,Africa,2016,1639000,90
Guatemala,GTM,North America,2016,1585000,91
Cote d'Ivoire,CIV,Africa,2016,1583000,92
Botswana,BWA,Africa,2016,1574000,93
Ecuador,ECU,South America,2016,1569000,94
Nicaragua,NIC,North America,2016,1504000,95
"Bahamas, The",BHS,North America,2016,1500000,96
Namibia,NAM,Africa,2016,1469000,97
El Salvador,SLV,North America,2016,1434000,98
Uganda,UGA,Africa,2016,1323000,99
Paraguay,PRY,South America,2016,1308000,100
Maldives,MDV,Asia,2016,1286000,101
Serbia,SRB,Europe,2016,1281000,102
Mauritius,MUS,Africa,2016,1275000,103
Kenya,KEN,Africa,2016,1268000,104
Armenia,ARM,Asia,2016,1260000,105
Tanzania,TZA,Africa,2016,1233000,106
Senegal,SEN,Africa,2016,1210000,107
Lesotho,LSO,Africa,2016,1196000,108
Luxembourg,LUX,Europe,2016,1054000,109
Cameroon,CMR,Africa,2016,994000,110
Bolivia,BOL,South America,2016,961000,111
Zambia,ZMB,Africa,2016,956000,112
Eswatini,SWZ,Africa,2016,947000,113
Rwanda,RWA,Africa,2016,932000,114
Ethiopia,ETH,Africa,2016,871000,115
Malawi,MWI,Africa,2016,849000,116
Honduras,HND,North America,2016,838000,117
Bangladesh,BGD,Asia,2016,830000,118
Sudan,SDN,Africa,2016,800000,119
Fiji,FJI,Oceania,2016,792000,120
Bosnia and Herzegovina,BIH,Europe,2016,778000,121
Nepal,NPL,Asia,2016,753000,122
Barbados,BRB,North America,2016,632000,123
Venezuela,VEN,South America,2016,601000,124
Cabo Verde,CPV,Africa,2016,598000,125
North Macedonia,MKD,Europe,2016,510000,126
"Gambia, The",GMB,Africa,2016,450000,127
Haiti,HTI,North America,2016,445000,128
Trinidad and Tobago,TTO,North America,2016,409000,129
Mongolia,MNG,Asia,2016,404000,130
Palestine,PSE,Asia,2016,400000,131
Angola,AGO,Africa,2016,397000,132
Belize,BLZ,North America,2016,386000,133
"Congo, Dem. Rep.",COD,Africa,2016,351000,134
St. Lucia,LCA,North America,2016,348000,135
Tajikistan,TJK,Asia,2016,344000,136
Togo,TGO,Africa,2016,338000,137
Monaco,MCO,Europe,2016,336000,138
Kyrgyzstan,KGZ,Asia,2016,321000,139
Seychelles,SYC,Africa,2016,303000,140
Madagascar,MDG,Africa,2016,293000,141
Benin,BEN,Africa,2016,267000,142
Antigua and Barbuda,ATG,North America,2016,265000,143
Suriname,SUR,South America,2016,256000,144
Guyana,GUY,South America,2016,235000,145
Brunei Darussalam,BRN,Asia,2016,219000,146
"Congo, Rep.",COG,Africa,2016,211000,147
Bhutan,BTN,Asia,2016,210000,148
Burundi,BDI,Africa,2016,187000,149
Papua New Guinea,PNG,Oceania,2016,179000,150
Grenada,GRD,North America,2016,156000,151
Burkina Faso,BFA,Africa,2016,152000,152
Niger,NER,Africa,2016,152000,153
Eritrea,ERI,Africa,2016,142000,154
Palau,PLW,Oceania,2016,138000,155
Samoa,WSM,Oceania,2016,134000,156
Moldova,MDA,Europe,2016,121000,157
St. Kitts and Nevis,KNA,North America,2016,116000,158
Chad,TCD,Africa,2016,98000,159
Vanuatu,VUT,Oceania,2016,95100,160
Central African Republic,CAF,Africa,2016,82000,161
St. Vincent and the Grenadines,VCT,North America,2016,79000,162
Dominica,DMA,North America,2016,78000,163
Liechtenstein,LIE,Europe,2016,69100,164
Timor-Leste,TLS,Asia,2016,66000,165
Guinea,GIN,Africa,2016,63000,166
San Marino,SMR,Europe,2016,60000,167
Tonga,TON,Oceania,2016,59100,168
Sierra Leone,SLE,Africa,2016,55000,169
Guinea-Bissau,GNB,Africa,2016,45200,170
"Micronesia, Fed. Sts.",FSM,Oceania,2016,29600,171
Sao Tome and Principe,STP,Africa,2016,28900,172
Comoros,COM,Africa,2016,26800,173
Solomon Islands,SLB,Oceania,2016,23200,174
Kiribati,KIR,Oceania,2016,5700,175
Marshall Islands,MHL,Oceania,2016,5400,176
Tuvalu,TUV,Oceania,2016,2500,177
France,FRA,Europe,2017,86758000,1
Spain,ESP,Europe,2017,81869000,2
United States,USA,North America,2017,77186740,3
China,CHN,Asia,2017,60740000,4
Italy,ITA,Europe,2017,58253000,5
Mexico,MEX,North America,2017,39291000,6
United Kingdom,GBR,Europe,2017,37651000,7
Turkey,TUR,Asia,2017,37601000,8
Germany,DEU,Europe,2017,37452000,9
Thailand,THA,Asia,2017,35592000,10
Austria,AUT,Europe,2017,29460000,11
Japan,JPN,Asia,2017,28691000,12
"Hong Kong SAR, China",HKG,Asia,2017,27884000,13
Greece,GRC,Europe,2017,27194000,14
Malaysia,MYS,Asia,2017,25948000,15
Russia,RUS,Asia,2017,24390000,16
Canada,CAN,North America,2017,20883000,17
Poland,POL,Europe,2017,18258000,18
Netherlands,NLD,Europe,2017,17924000,19
"Macao SAR, China",MAC,Asia,2017,17255000,20
Saudi Arabia,SAU,Asia,2017,16109000,21
Hungary,HUN,Europe,2017,15785000,22
Croatia,HRV,Europe,2017,15593000,23
India,IND,Asia,2017,15543000,24
Portugal,PRT,Europe,2017,15432000,25
Ukraine,UKR,Europe,2017,14230000,26
Indonesia,IDN,Asia,2017,14040000,27
Singapore,SGP,Asia,2017,13903000,28
South Korea,KOR,Asia,2017,13336000,29
Vietnam,VNM,Asia,2017,12922000,30
Denmark,DNK,Europe,2017,12426000,31
Bahrain,BHR,Asia,2017,11374000,32
Morocco,MAR,Africa,2017,11349000,33
Belarus,BLR,Europe,2017,11060200,34
Romania,ROU,Europe,2017,10926000,35
Ireland,IRL,Europe,2017,10338000,36
South Africa,ZAF,Africa,2017,10285000,37
Czech Republic,CZE,Europe,2017,10160000,38
Switzerland,CHE,Europe,2017,9889000,39
Bulgaria,BGR,Europe,2017,8883000,40
Australia,AUS,Oceania,2017,8815000,41
Belgium,BEL,Europe,2017,8385000,42
Egypt,EGY,Africa,2017,8157000,43
Kazakhstan,KAZ,Asia,2017,7701000,44
Kuwait,KWT,Asia,2017,7407000,45
Sweden,SWE,Europe,2017,7054000,46
Tunisia,TUN,Africa,2017,7052000,47
Argentina,ARG,South America,2017,6711000,48
Philippines,PHL,Asia,2017,6621000,49
Brazil,BRA,South America,2017,6589000,50
Chile,CHL,South America,2017,6450000,51
Norway,NOR,Europe,2017,6252000,52
Dominican Republic,DOM,North America,2017,6188000,53
Cambodia,KHM,Asia,2017,5602000,54
Iran,IRN,Asia,2017,4867000,55
Albania,ALB,Europe,2017,4643000,56
Cuba,CUB,North America,2017,4594000,57
Georgia,GEO,Asia,2017,4069400,58
Peru,PER,South America,2017,4032000,59
Slovenia,SVN,Europe,2017,3991000,60
Jordan,JOR,Asia,2017,3843500,61
Uruguay,URY,South America,2017,3674000,62
Cyprus,CYP,Europe,2017,3652000,63
Colombia,COL,South America,2017,3631000,64
Israel,ISR,Asia,2017,3613000,65
New Zealand,NZL,Oceania,2017,3555000,66
Myanmar,MMR,Asia,2017,3443000,67
Laos,LAO,Asia,2017,3257000,68
Estonia,EST,Europe,2017,3244000,69
Finland,FIN,Europe,2017,3180000,70
Andorra,AND,Europe,2017,3003000,71
Costa Rica,CRI,North America,2017,2960000,72
Uzbekistan,UZB,Asia,2017,2690000,73
Lithuania,LTU,Europe,2017,2523000,74
Azerbaijan,AZE,Asia,2017,2454000,75
Algeria,DZA,Africa,2017,2451000,76
Zimbabwe,ZWE,Africa,2017,2423000,77
Jamaica,JAM,North America,2017,2353000,78
Oman,OMN,Asia,2017,2316000,79
Malta,MLT,Europe,2017,2274000,80
Qatar,QAT,Asia,2017,2256500,81
Iceland,ISL,Europe,2017,2225000,82
Slovakia,SVK,Europe,2017,2162000,83
Sri Lanka,LKA,Asia,2017,2116400,84
Latvia,LVA,Europe,2017,1949000,85
Montenegro,MNE,Europe,2017,1877000,86
Lebanon,LBN,Asia,2017,1857000,87
Panama,PAN,North America,2017,1843000,88
Ecuador,ECU,South America,2017,1806000,89
Cote d'Ivoire,CIV,Africa,2017,1800000,90
Nicaragua,NIC,North America,2017,1787000,91
Guatemala,GTM,North America,2017,1660000,92
Botswana,BWA,Africa,2017,1623000,93
Paraguay,PRY,South America,2017,1584000,94
El Salvador,SLV,North America,2017,1556000,95
Namibia,NAM,Africa,2017,1499000,96
Serbia,SRB,Europe,2017,1497000,97
Armenia,ARM,Asia,2017,1495000,98
Mozambique,MOZ,Africa,2017,1447000,99
"Bahamas, The",BHS,North America,2017,1442000,100
Uganda,UGA,Africa,2017,1402000,101
Maldives,MDV,Asia,2017,1390000,102
Senegal,SEN,Africa,2017,1365000,103
Kenya,KEN,Africa,2017,1364000,104
Mauritius,MUS,Africa,2017,1342000,105
Tanzania,TZA,Africa,2017,1275000,106
Lesotho,LSO,Africa,2017,1137000,107
Bolivia,BOL,South America,2017,1109000,108
Zambia,ZMB,Africa,2017,1083000,109
Cameroon,CMR,Africa,2017,1081000,110
Luxembourg,LUX,Europe,2017,1046000,111
Bangladesh,BGD,Asia,2017,1026000,112
Nepal,NPL,Asia,2017,940000,113
Ethiopia,ETH,Africa,2017,933000,114
Bosnia and Herzegovina,BIH,Europe,2017,923000,115
Eswatini,SWZ,Africa,2017,921000,116
Honduras,HND,North America,2017,851000,117
Fiji,FJI,Oceania,2017,843000,118
Malawi,MWI,Africa,2017,837000,119
Sudan,SDN,Africa,2017,813000,120
Cabo Verde,CPV,Africa,2017,668000,121
Barbados,BRB,North America,2017,664000,122
North Macedonia,MKD,Europe,2017,631000,123
"Gambia, The",GMB,Africa,2017,522000,124
Togo,TGO,Africa,2017,514000,125
Palestine,PSE,Asia,2017,503000,126
Mongolia,MNG,Asia,2017,469000,127
Haiti,HTI,North America,2017,467000,128
Tajikistan,TJK,Asia,2017,431000,129
Belize,BLZ,North America,2017,427000,130
Venezuela,VEN,South America,2017,427000,131
Kyrgyzstan,KGZ,Asia,2017,421000,132
Trinidad and Tobago,TTO,North America,2017,395000,133
St. Lucia,LCA,North America,2017,386000,134
Monaco,MCO,Europe,2017,355000,135
Seychelles,SYC,Africa,2017,350000,136
Burundi,BDI,Africa,2017,299000,137
Benin,BEN,Africa,2017,281000,138
Suriname,SUR,South America,2017,278000,139
Angola,AGO,Africa,2017,261000,140
Brunei Darussalam,BRN,Asia,2017,259000,141
Bhutan,BTN,Asia,2017,255000,142
Madagascar,MDG,Africa,2017,255000,143
Antigua and Barbuda,ATG,North America,2017,247000,144
Guyana,GUY,South America,2017,247000,145
Grenada,GRD,North America,2017,168000,146
Niger,NER,Africa,2017,164000,147
"Congo, Rep.",COG,Africa,2017,149000,148
Samoa,WSM,Oceania,2017,146000,149
Moldova,MDA,Europe,2017,145000,150
Burkina Faso,BFA,Africa,2017,143000,151
Papua New Guinea,PNG,Oceania,2017,139000,152
Palau,PLW,Oceania,2017,123000,153
St. Kitts and Nevis,KNA,North America,2017,115000,154
Vanuatu,VUT,Oceania,2017,109000,155
Central African Republic,CAF,Africa,2017,107000,156
Guinea,GIN,Africa,2017,99000,157
Chad,TCD,Africa,2017,87000,158
Liechtenstein,LIE,Europe,2017,79300,159
San Marino,SMR,Europe,2017,78000,160
St. Vincent and the Grenadines,VCT,North America,2017,76000,161
Timor-Leste,TLS,Asia,2017,74000,162
Dominica,DMA,North America,2017,72000,163
Tonga,TON,Oceania,2017,62500,164
Sierra Leone,SLE,Africa,2017,51000,165
Sao Tome and Principe,STP,Africa,2017,28900,166
Comoros,COM,Africa,2017,28000,167
Solomon Islands,SLB,Oceania,2017,25700,168
Marshall Islands,MHL,Oceania,2017,6000,169
Kiribati,KIR,Oceania,2017,5800,170
Tuvalu,TUV,Oceania,2017,2500,171
France,FRA,Europe,2018,89322000,1
Spain,ESP,Europe,2018,82773000,2
United States,USA,North America,2018,79745920,3
China,CHN,Asia,2018,62900000,4
Italy,ITA,Europe,2018,61567200,5
Turkey,TUR,Asia,2018,45768000,6
Mexico,MEX,North America,2018,41313000,7
Germany,DEU,Europe,2018,38881000,8
Thailand,THA,Asia,2018,38178000,9
United Kingdom,GBR,Europe,2018,36316000,10
Japan,JPN,Asia,2018,31192000,11
Austria,AUT,Europe,2018,30816000,12
Greece,GRC,Europe,2018,30123000,13
"Hong Kong SAR, China",HKG,Asia,2018,29263000,14
Malaysia,MYS,Asia,2018,25832000,15
Russia,RUS,Asia,2018,24551000,16
Canada,CAN,North America,2018,21134000,17
Poland,POL,Europe,2018,19622000,18
Netherlands,NLD,Europe,2018,18780000,19
"Macao SAR, China",MAC,Asia,2018,18493000,20
Hungary,HUN,Europe,2018,17552000,21
India,IND,Asia,2018,17423000,22
Croatia,HRV,Europe,2018,16645000,23
Portugal,PRT,Europe,2018,16186000,24
Indonesia,IDN,Asia,2018,15810000,25
Vietnam,VNM,Asia,2018,15498000,26
South Korea,KOR,Asia,2018,15347000,27
Saudi Arabia,SAU,Asia,2018,15334000,28
Singapore,SGP,Asia,2018,14673000,29
Ukraine,UKR,Europe,2018,14104000,30
Denmark,DNK,Europe,2018,12749000,31
Morocco,MAR,Africa,2018,12289000,32
Bahrain,BHR,Asia,2018,12045000,33
Romania,ROU,Europe,2018,11720000,34
Belarus,BLR,Europe,2018,11501600,35
Egypt,EGY,Africa,2018,11196000,36
Ireland,IRL,Europe,2018,10926000,37
Czech Republic,CZE,Europe,2018,10611000,38
South Africa,ZAF,Africa,2018,10472000,39
Switzerland,CHE,Europe,2018,10362000,40
Bulgaria,BGR,Europe,2018,9273000,41
Australia,AUS,Oceania,2018,9246000,42
Belgium,BEL,Europe,2018,9119000,43
Kazakhstan,KAZ,Asia,2018,8789000,44
Kuwait,KWT,Asia,2018,8508000,45
Tunisia,TUN,Africa,2018,8299000,46
Sweden,SWE,Europe,2018,7440000,47
Iran,IRN,Asia,2018,7295000,48
Philippines,PHL,Asia,2018,7168000,49
Argentina,ARG,South America,2018,6942000,50
Brazil,BRA,South America,2018,6621000,51
Dominican Republic,DOM,North America,2018,6569000,52
Cambodia,KHM,Asia,2018,6201000,53
Chile,CHL,South America,2018,5723000,54
Norway,NOR,Europe,2018,5688000,55
Uzbekistan,UZB,Asia,2018,5346000,56
Albania,ALB,Europe,2018,5340000,57
Georgia,GEO,Asia,2018,4757000,58
Cuba,CUB,North America,2018,4684000,59
Slovenia,SVN,Europe,2018,4425000,60
Peru,PER,South America,2018,4419000,61
Jordan,JOR,Asia,2018,4150000,62
Israel,ISR,Asia,2018,4121000,63
Cyprus,CYP,Europe,2018,3939000,64
Colombia,COL,South America,2018,3904000,65
Laos,LAO,Asia,2018,3770000,66
New Zealand,NZL,Oceania,2018,3686000,67
Myanmar,MMR,Asia,2018,3551000,68
Uruguay,URY,South America,2018,3469000,69
Estonia,EST,Europe,2018,3234000,70
Finland,FIN,Europe,2018,3224000,71
Andorra,AND,Europe,2018,3042000,72
Costa Rica,CRI,North America,2018,3017000,73
Lithuania,LTU,Europe,2018,2825000,74
Mozambique,MOZ,Africa,2018,2743000,75
Algeria,DZA,Africa,2018,2657000,76
Azerbaijan,AZE,Asia,2018,2633000,77
Malta,MLT,Europe,2018,2599000,78
Zimbabwe,ZWE,Africa,2018,2580000,79
Ecuador,ECU,South America,2018,2535000,80
Jamaica,JAM,North America,2018,2473000,81
Iceland,ISL,Europe,2018,2343800,82
Sri Lanka,LKA,Asia,2018,2334000,83
Oman,OMN,Asia,2018,2301000,84
Slovakia,SVK,Europe,2018,2256000,85
Montenegro,MNE,Europe,2018,2077000,86
Cote d'Ivoire,CIV,Africa,2018,1965000,87
Lebanon,LBN,Asia,2018,1964000,88
Latvia,LVA,Europe,2018,1946000,89
Qatar,QAT,Asia,2018,1819300,90
Panama,PAN,North America,2018,1785000,91
Guatemala,GTM,North America,2018,1781000,92
Serbia,SRB,Europe,2018,1711000,93
El Salvador,SLV,North America,2018,1677300,94
Armenia,ARM,Asia,2018,1652000,95
"Bahamas, The",BHS,North America,2018,1633000,96
Maldives,MDV,Asia,2018,1484000,97
Mauritius,MUS,Africa,2018,1399000,98
Tanzania,TZA,Africa,2018,1378000,99
Nicaragua,NIC,North America,2018,1256000,100
Paraguay,PRY,South America,2018,1181000,101
Lesotho,LSO,Africa,2018,1173000,102
Nepal,NPL,Asia,2018,1173000,103
Bolivia,BOL,South America,2018,1142000,104
Zambia,ZMB,Africa,2018,1072000,105
Bosnia and Herzegovina,BIH,Europe,2018,1053000,106
Tajikistan,TJK,Asia,2018,1035000,107
Luxembourg,LUX,Europe,2018,1018000,108
Malawi,MWI,Africa,2018,871000,109
Fiji,FJI,Oceania,2018,870000,110
Ethiopia,ETH,Africa,2018,849000,111
Sudan,SDN,Africa,2018,836000,112
Eswatini,SWZ,Africa,2018,782000,113
Cabo Verde,CPV,Africa,2018,710000,114
North Macedonia,MKD,Europe,2018,707000,115
Barbados,BRB,North America,2018,680000,116
Palestine,PSE,Asia,2018,606000,117
Togo,TGO,Africa,2018,573000,118
"Gambia, The",GMB,Africa,2018,552000,119
Mongolia,MNG,Asia,2018,529000,120
Belize,BLZ,North America,2018,489000,121
Haiti,HTI,North America,2018,447000,122
Kyrgyzstan,KGZ,Asia,2018,423000,123
St. Lucia,LCA,North America,2018,395000,124
Trinidad and Tobago,TTO,North America,2018,375000,125
Seychelles,SYC,Africa,2018,362000,126
Monaco,MCO,Europe,2018,347000,127
Benin,BEN,Africa,2018,295000,128
Madagascar,MDG,Africa,2018,291000,129
Guyana,GUY,South America,2018,287000,130
Brunei Darussalam,BRN,Asia,2018,278000,131
Bhutan,BTN,Asia,2018,274000,132
Antigua and Barbuda,ATG,North America,2018,269000,133
Angola,AGO,Africa,2018,218000,134
Grenada,GRD,North America,2018,185000,135
Samoa,WSM,Oceania,2018,164000,136
Moldova,MDA,Europe,2018,160000,137
Niger,NER,Africa,2018,157000,138
"Congo, Rep.",COG,Africa,2018,156000,139
Burkina Faso,BFA,Africa,2018,144000,140
Papua New Guinea,PNG,Oceania,2018,140000,141
St. Kitts and Nevis,KNA,North America,2018,125000,142
Vanuatu,VUT,Oceania,2018,116000,143
Palau,PLW,Oceania,2018,106000,144
Liechtenstein,LIE,Europe,2018,85300,145
San Marino,SMR,Europe,2018,84000,146
St. Vincent and the Grenadines,VCT,North America,2018,80000,147
Timor-Leste,TLS,Asia,2018,75000,148
Dominica,DMA,North America,2018,63000,149
Sierra Leone,SLE,Africa,2018,57000,150
Tonga,TON,Oceania,2018,54000,151
Comoros,COM,Africa,2018,35900,152
Sao Tome and Principe,STP,Africa,2018,33400,153
Solomon Islands,SLB,Oceania,2018,27900,154
"Micronesia, Fed. Sts.",FSM,Oceania,2018,19200,155
Kiribati,KIR,Oceania,2018,7100,156
Marshall Islands,MHL,Oceania,2018,6800,157
Tuvalu,TUV,Oceania,2018,2700,158
